"faculty_id","name","email","password","initial"
"f001","John Paul","jpaul@gmail.com","123456","JPL"
"f002","Rayhan Kabir","rkabir@gmail.com","67890","RAK"
"f003","Arif Shakil","ashakil@gmail.com","abcde","ARF"
"f004","Ahnaf Hasan","ahasan@gmail.com","abc123","AHR"
"f005","Rubayet Ahmed","rahmed@gmail.com","789xyz","RAH"
"f006","Warida Rashid","w.rashid@gmail.com","alpha","WAR"
"f020","Syed Zuhair Hossain","szhzuhair@gmail.com","0000","SZH"
